{
  "lr_mae": 0.5009251900187018,
  "lr_rmse": 0.9945719802616491,
  "lr_r2": 0.045556061088047106,
  "poly_mae": 0.488841059007875,
  "poly_rmse": 0.9993467544517739,
  "poly_r2": 0.036369810751313514,
  "lr_train_r2": 0.056771363513593576,
  "lr_test_r2": 0.045556061088047106,
  "poly_train_r2": 0.1334261110879884,
  "poly_test_r2": 0.036369810751313514
}